{"title": "mobile", "date": "06/08/2024 04:55:24", "currency": "\u20b9", "filters": {"min": "10000", "max": "20000"}, "base_link": "http://www.amazon.in/", "products": [{"asin": "B0CZNTGPKX", "url": "http://www.amazon.in/dp/B0CZNTGPKX", "title": "realme 12x 5G (Woodland Green, 6GB RAM, 128GB Storage) | Upto 12GB (6+6GB) Dynamic RAM | Dimensity 6100+ Processor | 50 MP AI Camera | 7.69 mm Ultra-Slim Trendy Watch Design | 45 W SUPERVOOC Charge", "seller": "Visit the realme Store", "price": 12990.0}, {"asin": "B0BY8L3RZ6", "url": "http://www.amazon.in/dp/B0BY8L3RZ6", "title": "OnePlus Nord CE 3 Lite 5G (Chromatic Gray, 8GB RAM, 256GB Storage)", "seller": "Visit the OnePlus Store", "price": 18305.0}, {"asin": "B0D7Z8CJP8", "url": "http://www.amazon.in/dp/B0D7Z8CJP8", "title": "Samsung Galaxy M35 5G (Thunder Grey,6GB RAM,128GB Storage)| Corning Gorilla Glass Victus+| AnTuTu Score 595K+ | Vapour Cooling Chamber | 6000mAh Battery | 120Hz Super AMOLED Display| without Charger", "seller": "Visit the Samsung Store", "price": 19999.0}, {"asin": "B0CQVQBFBB", "url": "http://www.amazon.in/dp/B0CQVQBFBB", "title": "POCO M6 5G (Galactic Black, 8GB RAM, 256GB Storage)", "seller": "Brand: POCO", "price": 10999.0}, {"asin": "B0CX1Y49P2", "url": "http://www.amazon.in/dp/B0CX1Y49P2", "title": "realme NARZO 70 Pro 5G (Glass Gold, 8GB RAM,128GB Storage) Dimensity 7050 5G Chipset | Horizon Glass Design | Segment 1st Flagship Sony IMX890 OIS Camera", "seller": "Visit the realme Store", "price": 17998.0}, {"asin": "B0CSDS6VGW", "url": "http://www.amazon.in/dp/B0CSDS6VGW", "title": "POCO X6 5G (Snowstorm White, 8 GB RAM 256 GB Storage)", "seller": "Brand: POCO", "price": 18999.0}, {"asin": "B07WHQS4LB", "url": "http://www.amazon.in/dp/B07WHQS4LB", "title": "iQOO Z9 Lite 5G (Mocha Brown, 6GB RAM, 128GB Storage) | Dimensity 6300 5G | 50MP Sony AI Camera | Charger in The Box", "seller": "Visit the iQOO Store", "price": 11499.0}, {"asin": "B07WJTB99S", "url": "http://www.amazon.in/dp/B07WJTB99S", "title": "iQOO Z9 Lite 5G (Aqua Flow, 4GB RAM, 128GB Storage) | Dimensity 6300 5G | 50MP Sony AI Camera | Charger in The Box", "seller": "Visit the iQOO Store", "price": 10499.0}, {"asin": "B0CZS3B3PY", "url": "http://www.amazon.in/dp/B0CZS3B3PY", "title": "realme NARZO 70x 5G (Ice Blue, 6GB RAM,128GB Storage)|120Hz Ultra Smooth Display|Dimensity 6100+ 6nm 5G|50MP AI Camera|45W Charger in The Box", "seller": "Visit the realme Store", "price": 12998.0}, {"asin": "B0CDXHYHZ6", "url": "http://www.amazon.in/dp/B0CDXHYHZ6", "title": "Nokia G42 5G | Snapdragon\u00ae 480+ 5G | 50MP Triple AI Camera | 11GB RAM (6GB RAM + 5GB Virtual RAM) | 128GB Storage | 5000mAh Battery | 2 Years Android Upgrades | 20W Charger Included | So Grey", "seller": "Visit the Nokia Store", "price": 10999.0}, {"asin": "B0D78WCNZZ", "url": "http://www.amazon.in/dp/B0D78WCNZZ", "title": "Redmi 13 5G, Hawaiian Blue, 6GB+128GB | India Debut SD 4 Gen 2 AE | 108MP Pro Grade Camera | 6.79in Largest Display in Segment", "seller": "Brand: Redmi", "price": 13998.0}, {"asin": "B0BY8MCQ9S", "url": "http://www.amazon.in/dp/B0BY8MCQ9S", "title": "OnePlus Nord CE 3 Lite 5G (Chromatic Gray, 8GB RAM, 128GB Storage)", "seller": "Visit the OnePlus Store", "price": 15999.0}, {"asin": "B07WHSNYL5", "url": "http://www.amazon.in/dp/B07WHSNYL5", "title": "iQOO Z9 Lite 5G (Aqua Flow, 6GB RAM, 128GB Storage) | Dimensity 6300 5G | 50MP Sony AI Camera | Charger in The Box", "seller": "Visit the iQOO Store", "price": 11499.0}, {"asin": "B0CDRVG19T", "url": "http://www.amazon.in/dp/B0CDRVG19T", "title": "POCO M6 Pro 5G (128 GB) (6 GB RAM) (Power Black)", "seller": "Brand: POCO", "price": 10499.0}, {"asin": "B0D93WPSR8", "url": "http://www.amazon.in/dp/B0D93WPSR8", "title": "HMD Crest 5G | Segment First 50 MP Selfie Camera | 50 MP Dual Rear AI Camera | FHD+ OLED Display | 6 GB RAM & 128 GB Storage | Android 14 | 33W Fast Charger in Box | Midnight Blue", "seller": "Brand: HMD", "price": 14499.0}, {"asin": "B0D93GGMYT", "url": "http://www.amazon.in/dp/B0D93GGMYT", "title": "Vivo T3 Lite 5G Smartphone (Majestic Black, 6GB Ram 128GB Storage)", "seller": "Brand: Vivo", "price": 11999.0}, {"asin": "B0BY8JZ22K", "url": "http://www.amazon.in/dp/B0BY8JZ22K", "title": "OnePlus Nord CE 3 Lite 5G (Pastel Lime, 8GB RAM, 128GB Storage)", "seller": "Visit the OnePlus Store", "price": 17198.0}, {"asin": "B0D78WKY12", "url": "http://www.amazon.in/dp/B0D78WKY12", "title": "Redmi 13 5g Black Diamond 6GB 128GB", "seller": "Brand: Redmi", "price": 13998.0}, {"asin": "B0D5YFZ946", "url": "http://www.amazon.in/dp/B0D5YFZ946", "title": "OnePlus Nord CE4 Lite 5G (Mega Blue, 8GB RAM, 128GB Storage)", "seller": "Visit the OnePlus Store", "price": 19998.0}]}