{"title": "mobile", "date": "16/08/2024 23:04:01", "currency": "\u20b9", "filters": {"min": "10000", "max": "20000"}, "base_link": "http://www.amazon.in/", "products": [{"asin": "B0CZS3B3PY", "url": "http://www.amazon.in/dp/B0CZS3B3PY", "title": "realme NARZO 70x 5G (Ice Blue, 6GB RAM,128GB Storage)|120Hz Ultra Smooth Display|Dimensity 6100+ 6nm 5G|50MP AI Camera|45W Charger in The Box", "seller": "Visit the realme Store", "price": 13499.0}, {"asin": "B07WJTB99S", "url": "http://www.amazon.in/dp/B07WJTB99S", "title": "iQOO Z9 Lite 5G (Aqua Flow, 4GB RAM, 128GB Storage) | Dimensity 6300 5G | 50MP Sony AI Camera | Charger in The Box", "seller": "Visit the iQOO Store", "price": 10499.0}, {"asin": "B0D5YCYS1G", "url": "http://www.amazon.in/dp/B0D5YCYS1G", "title": "OnePlus Nord CE4 Lite 5G (Super Silver, 8GB RAM, 128GB Storage)", "seller": "Visit the OnePlus Store", "price": 19999.0}, {"asin": "B0D9LS6MVV", "url": "http://www.amazon.in/dp/B0D9LS6MVV", "title": "Moto G85 5G (128, Cobalt Blue, New)", "seller": "Brand: Motorola", "price": 19200.0}, {"asin": "B0CNX88T71", "url": "http://www.amazon.in/dp/B0CNX88T71", "title": "Redmi 13C 5G (Startrail Silver, 6GB RAM, 128GB Storage) | MediaTek Dimensity 6100+ 5G | 90Hz Display", "seller": "Visit the Redmi Store", "price": 11999.0}, {"asin": "B0D78X5CMJ", "url": "http://www.amazon.in/dp/B0D78X5CMJ", "title": "Redmi 13 5G, Orchid Pink, 8GB+128GB | India Debut SD 4 Gen 2 AE | 108MP Pro Grade Camera | 6.79in Largest Display in Segment", "seller": "Brand: Redmi", "price": 15499.0}, {"asin": "B0CDXHYHZ6", "url": "http://www.amazon.in/dp/B0CDXHYHZ6", "title": "Nokia G42 5G | Snapdragon\u00ae 480+ 5G | 50MP Triple AI Camera | 11GB RAM (6GB RAM + 5GB Virtual RAM) | 128GB Storage | 5000mAh Battery | 2 Years Android Upgrades | 20W Charger Included | So Grey", "seller": "Visit the Nokia Store", "price": 11499.0}, {"asin": "B0CQPGG8KG", "url": "http://www.amazon.in/dp/B0CQPGG8KG", "title": "Redmi Note 13 5G (Arctic White, 6GB RAM, 128GB Storage) | 5G Ready | 120Hz Bezel-Less AMOLED | 7.mm Slimmest Note Ever | 108MP Pro-Grade Camera", "seller": "Brand: Redmi", "price": 16999.0}, {"asin": "B0BY8MCQ9S", "url": "http://www.amazon.in/dp/B0BY8MCQ9S", "title": "OnePlus Nord CE 3 Lite 5G (Chromatic Gray, 8GB RAM, 128GB Storage)", "seller": "Visit the OnePlus Store", "price": 16599.0}, {"asin": "B0D3GX1VFM", "url": "http://www.amazon.in/dp/B0D3GX1VFM", "title": "realme NARZO N65 5G (Deep Green 6GB RAM, 128GB Storage) India's 1st D6300 5G Chipset | Ultra Slim Design | 120Hz Eye Comfort Display | 50MP AI Camera| Charger in The Box", "seller": "Visit the realme Store", "price": 12498.0}, {"asin": "B0C9J97S7Q", "url": "http://www.amazon.in/dp/B0C9J97S7Q", "title": "Redmi 12 5G Jade Black 8GB RAM 256GB ROM", "seller": "Visit the Redmi Store", "price": 13999.0}, {"asin": "B0CNX89QR8", "url": "http://www.amazon.in/dp/B0CNX89QR8", "title": "Redmi 13C 5G (Starlight Black, 4GB RAM, 128GB Storage) | MediaTek Dimensity 6100+ 5G | 90Hz Display", "seller": "Visit the Redmi Store", "price": 10499.0}, {"asin": "B0D78WCNZZ", "url": "http://www.amazon.in/dp/B0D78WCNZZ", "title": "Redmi 13 5G, Hawaiian Blue, 6GB+128GB | India Debut SD 4 Gen 2 AE | 108MP Pro Grade Camera | 6.79in Largest Display in Segment", "seller": "Brand: Redmi", "price": 13999.0}, {"asin": "B0CDRVG19T", "url": "http://www.amazon.in/dp/B0CDRVG19T", "title": "POCO M6 Pro 5G (128 GB) (6 GB RAM) (Power Black)", "seller": "Brand: POCO", "price": 10999.0}, {"asin": "B0D93GGMYT", "url": "http://www.amazon.in/dp/B0D93GGMYT", "title": "Vivo T3 Lite 5G Smartphone (Majestic Black, 6GB Ram 128GB Storage)", "seller": "Visit the Vivo Store", "price": 13740.0}, {"asin": "B0CQVQBFBB", "url": "http://www.amazon.in/dp/B0CQVQBFBB", "title": "POCO M6 5G (Galactic Black, 8GB RAM, 256GB Storage)", "seller": "Brand: POCO", "price": 10999.0}, {"asin": "B0CNX82VVQ", "url": "http://www.amazon.in/dp/B0CNX82VVQ", "title": "Redmi 13C 5G (Startrail Silver, 4GB RAM, 128GB Storage) | MediaTek Dimensity 6100+ 5G | 90Hz Display", "seller": "Visit the Redmi Store", "price": 10499.0}, {"asin": "B0BY8L3RZ6", "url": "http://www.amazon.in/dp/B0BY8L3RZ6", "title": "OnePlus Nord CE 3 Lite 5G (Chromatic Gray, 8GB RAM, 256GB Storage)", "seller": "Visit the OnePlus Store", "price": 17940.0}, {"asin": "B0D3GY8SC1", "url": "http://www.amazon.in/dp/B0D3GY8SC1", "title": "realme NARZO N65 5G (Deep Green 4GB RAM, 128GB Storage) India's 1st D6300 5G Chipset | Ultra Slim 190g Design | 120Hz Eye Comfort Display | 50MP AI Camera| Charger in The Box", "seller": "Visit the realme Store", "price": 11498.0}]}